level	page_num	block_num	par_num	line_num	word_num	left	top	width	height	conf	text
1	1	0	0	0	0	0	0	1327	1769	-1	
2	1	1	0	0	0	148	32	501	68	-1	
3	1	1	1	0	0	148	32	501	68	-1	
4	1	1	1	1	0	148	32	501	68	-1	
5	1	1	1	1	1	148	32	501	68	0.000000	SRSASSSASSERERRR
2	1	2	0	0	0	656	28	115	47	-1	
3	1	2	1	0	0	656	28	115	47	-1	
4	1	2	1	1	0	656	28	115	47	-1	
5	1	2	1	1	1	656	28	115	47	64.937874	6488
2	1	3	0	0	0	653	69	122	23	-1	
3	1	3	1	0	0	653	69	122	23	-1	
4	1	3	1	1	0	653	69	122	23	-1	
5	1	3	1	1	1	653	69	122	23	22.020012	NADI
2	1	4	0	0	0	778	29	432	64	-1	
3	1	4	1	0	0	778	29	432	64	-1	
4	1	4	1	1	0	778	29	432	64	-1	
5	1	4	1	1	1	778	29	432	64	0.000000	DERBARESERALER
2	1	5	0	0	0	203	138	956	52	-1	
3	1	5	1	0	0	203	138	956	52	-1	
4	1	5	1	1	0	203	138	956	52	-1	
5	1	5	1	1	1	203	140	695	50	89.630142	WUNAUNCHEMOOKAONK
5	1	5	1	1	2	953	138	206	42	89.529350	NASHPE
2	1	6	0	0	0	352	223	658	63	-1	
3	1	6	1	0	0	352	223	658	63	-1	
4	1	6	1	1	0	352	223	658	63	-1	
5	1	6	1	1	1	352	223	658	63	90.719551	MATTHE
5	1	6	1	1	2	856	219	159	86	75.042099	VV:
2	1	7	0	0	0	155	327	531	1107	-1	
3	1	7	1	0	0	323	327	349	132	-1	
4	1	7	1	1	0	323	327	175	23	-1	
5	1	7	1	1	1	323	327	121	23	90.403366	CHAP.
5	1	7	1	1	2	478	327	20	19	95.486031	I.
4	1	7	1	2	0	324	351	347	30	-1	
5	1	7	1	2	1	324	356	188	25	87.919479	Ppometuongane
5	1	7	1	2	2	529	360	11	13	65.457100	4
5	1	7	1	2	3	553	347	46	38	93.138603	book
5	1	7	1	2	4	611	351	60	28	88.636551	Jefus
4	1	7	1	3	0	335	407	337	28	-1	
5	1	7	1	3	1	335	409	52	26	92.153671	vid,
5	1	7	1	3	2	415	411	168	18	21.277313	wunnaumonun
5	1	7	1	3	3	603	407	69	22	56.152985	Abra-
4	1	7	1	4	0	335	438	56	21	-1	
5	1	7	1	4	1	335	438	56	21	81.688942	ham.
3	1	7	2	0	0	257	462	418	85	-1	
4	1	7	2	1	0	363	462	311	24	-1	
5	1	7	2	1	1	363	463	39	23	58.998833	24
5	1	7	2	1	2	415	462	106	22	85.030083	Abrabam
5	1	7	2	1	3	540	468	134	16	29.759987	wunnaumo-
4	1	7	2	2	0	257	488	416	34	-1	
5	1	7	2	2	1	257	488	28	34	33.251495	AS
5	1	7	2	2	2	336	492	50	23	76.272995	nicu
5	1	7	2	2	3	395	489	211	28	0.000000	Iaakoh,kah<
5	1	7	2	2	4	553	482	52	44	0.000000	Ifaak
5	1	7	2	2	5	615	496	58	15	91.507591	wun-
4	1	7	2	3	0	338	515	337	32	-1	
5	1	7	2	3	1	338	520	124	23	39.189247	naumoni¢eu
5	1	7	2	3	2	467	517	146	30	49.324055	Jakobub,kah
5	1	7	2	3	3	620	518	11	21	29.299385	¢
5	1	7	2	3	4	636	515	39	30	63.798386	Ja-
3	1	7	3	0	0	158	546	516	30	-1	
4	1	7	3	1	0	158	546	516	30	-1	
5	1	7	3	1	1	158	553	43	23	91.154037	kob
5	1	7	3	1	2	207	549	176	25	73.682083	wunnaumonieu
5	1	7	3	1	3	390	546	104	29	70.458832	Judaioli,
5	1	7	3	1	4	503	546	38	21	92.247383	kah
5	1	7	3	1	5	551	547	123	20	71.943962	weematoh.
3	1	7	4	0	0	160	571	515	117	-1	
4	1	7	4	1	0	188	571	486	37	-1	
5	1	7	4	1	1	188	586	12	22	95.730011	3
5	1	7	4	1	2	221	579	45	22	67.236519	Kah
5	1	7	4	1	3	279	586	11	14	67.236519	¢
5	1	7	4	1	4	302	576	66	28	92.975739	Judas
5	1	7	4	1	5	385	574	175	23	31.098625	wunnaumonien
5	1	7	4	1	6	571	573	41	22	11.354691	Pha:
5	1	7	4	1	7	626	571	48	23	46.646099	.foh
4	1	7	4	2	0	160	599	515	32	-1	
5	1	7	4	2	1	160	610	39	21	87.137070	kah
5	1	7	4	2	2	206	606	91	24	44.547173	Zarghoh
5	1	7	4	2	3	304	604	75	22	91.826347	wutch
5	1	7	4	2	4	385	602	125	25	2.990349	Tamarlut,
5	1	7	4	2	5	528	599	38	24	87.968605	kah
5	1	7	4	2	6	575	600	14	27	81.083954	f
5	1	7	4	2	7	599	599	76	23	96.559334	Phares
4	1	7	4	3	0	162	629	512	30	-1	
5	1	7	4	3	1	162	633	174	26	35.472466	wunsaumenien
5	1	7	4	3	2	344	631	113	26	83.118347	Ezromoh,
5	1	7	4	3	3	474	629	40	23	91.955170	kab
5	1	7	4	3	4	529	630	77	21	91.727890	Ezrom
5	1	7	4	3	5	616	634	58	22	75.471245	wun-
4	1	7	4	4	0	163	659	445	29	-1	
5	1	7	4	4	1	163	663	126	25	42.768623	naumonicu
5	1	7	4	4	2	295	660	99	23	81.026115	Aramoh,
5	1	7	4	4	3	603	659	5	1	5.537689	‘
3	1	7	5	0	0	160	684	515	87	-1	
4	1	7	5	1	0	190	684	484	34	-1	
5	1	7	5	1	1	190	699	13	19	74.520340	4
5	1	7	5	1	2	215	691	43	23	96.328651	Kah
5	1	7	5	1	3	266	691	63	21	92.946533	Aram
5	1	7	5	1	4	338	684	173	26	82.460861	wannaumonieu
5	1	7	5	1	5	519	684	155	29	93.130875	Aminadaboh,
4	1	7	5	2	0	162	712	513	31	-1	
5	1	7	5	2	1	162	720	40	23	86.752716	kah
5	1	7	5	2	2	225	716	116	25	46.180763	Amindadab
5	1	7	5	2	3	358	712	175	25	30.943993	wunnaumonieu
5	1	7	5	2	4	550	713	125	27	44.785362	Naaifonoh,
4	1	7	5	3	0	160	740	450	31	-1	
5	1	7	5	3	1	160	748	39	23	92.508743	kah
5	1	7	5	3	2	207	745	88	24	21.250717	Naatfon
5	1	7	5	3	3	302	741	177	26	77.575043	wunnaumonieu
5	1	7	5	3	4	488	740	122	22	37.994846	Salmonoh.
3	1	7	6	0	0	160	767	516	140	-1	
4	1	7	6	1	0	187	767	489	36	-1	
5	1	7	6	1	1	187	781	11	22	88.374825	5
5	1	7	6	1	2	222	775	45	21	96.552643	Kah
5	1	7	6	1	3	286	773	86	21	95.404068	Salmon
5	1	7	6	1	4	392	767	177	25	25.019905	wunhnaumoniea
5	1	7	6	1	5	591	768	85	23	33.976677	Boazoh
4	1	7	6	2	0	160	796	515	29	-1	
5	1	7	6	2	1	160	802	77	23	84.048447	wutch
5	1	7	6	2	2	251	800	103	25	80.990952	Rachab,
5	1	7	6	2	3	377	799	38	21	87.040413	kah
5	1	7	6	2	4	432	798	58	21	93.254936	Boaz
5	1	7	6	2	5	502	796	173	21	71.600967	wunnaumonieu
4	1	7	6	3	0	160	824	515	29	-1	
5	1	7	6	3	1	160	830	93	23	89.255447	Obeduh
5	1	7	6	3	2	265	828	77	23	91.099976	wutch
5	1	7	6	3	3	354	827	76	25	96.007126	Ruth,
5	1	7	6	3	4	444	825	38	21	94.458961	kab
5	1	7	6	3	5	497	824	63	22	92.998604	Obed
5	1	7	6	3	6	576	830	99	15	82.560989	wunnau-
4	1	7	6	4	0	162	852	182	59	-1	
5	1	7	6	4	1	162	858	85	22	88.825165	monica
5	1	7	6	4	2	255	852	89	59	0.000000	Jelteoh
3	1	7	7	0	0	162	877	516	113	-1	
4	1	7	7	1	0	190	877	487	36	-1	
5	1	7	7	1	1	190	886	12	21	93.181862	6
5	1	7	7	1	2	222	886	67	27	87.297218	Kahg
5	1	7	7	1	3	306	882	51	29	75.709900	Jeffe
5	1	7	7	1	4	369	878	173	31	20.362083	wnnnaumonieu
5	1	7	7	1	5	555	877	71	24	93.302574	David
5	1	7	7	1	6	641	879	36	21	91.394592	ke-
4	1	7	7	2	0	162	907	516	35	-1	
5	1	7	7	2	1	162	908	123	34	39.323578	tafforoh,
5	1	7	7	2	2	301	912	38	22	84.267670	kah
5	1	7	7	2	3	353	911	13	22	58.515350	5
5	1	7	7	2	4	379	907	71	25	93.110970	David
5	1	7	7	2	5	463	907	100	23	42.095093	ketatloot
5	1	7	7	2	6	578	912	100	16	69.262901	wannan-
4	1	7	7	3	0	258	933	420	29	-1	
5	1	7	7	3	1	258	938	130	24	75.447533	Sulomonoh
5	1	7	7	3	2	396	935	75	25	91.369957	wutch
5	1	7	7	3	3	478	933	200	23	78.968750	ummictamwufluh
3	1	7	8	0	0	183	969	54	21	-1	
4	1	7	8	1	0	183	969	54	21	-1	
5	1	7	8	1	1	183	969	54	21	76.192245	riah.
3	1	7	9	0	0	164	984	517	93	-1	
4	1	7	9	1	0	192	984	485	39	-1	
5	1	7	9	1	1	192	1004	13	19	57.283287	9
5	1	7	9	1	2	226	997	43	23	94.481087	Kab
5	1	7	9	1	3	283	998	8	20	79.086037	3
5	1	7	9	1	4	304	995	103	22	94.815735	Solomon
5	1	7	9	1	5	419	990	174	23	68.267349	wunnaumonien
5	1	7	9	1	6	607	984	70	36	89.412415	Reho-
4	1	7	9	2	0	164	1018	517	33	-1	
5	1	7	9	2	1	164	1023	99	28	46.835930	boamoh,
5	1	7	9	2	2	275	1023	40	23	91.720596	kah
5	1	7	9	2	3	329	1020	126	26	90.136665	Rehoboam
5	1	7	9	2	4	469	1018	176	22	26.135178	wunnaumonicn
5	1	7	9	2	5	652	1020	29	20	63.539303	A-
4	1	7	9	3	0	164	1045	497	32	-1	
5	1	7	9	3	1	164	1051	87	26	32.692108	biahoh,
5	1	7	9	3	2	263	1051	39	22	92.360947	kah
5	1	7	9	3	3	316	1051	55	22	91.791702	Abia
5	1	7	9	3	4	374	1046	175	23	54.289173	wunnaumonieu
5	1	7	9	3	5	555	1045	92	21	70.276482	Afahoh.
5	1	7	9	3	6	659	1065	2	2	0.000000	.
3	1	7	10	0	0	163	1071	519	86	-1	
4	1	7	10	1	0	191	1071	490	31	-1	
5	1	7	10	1	1	191	1080	14	22	21.580772	$
5	1	7	10	1	2	222	1079	44	23	92.004227	Kah
5	1	7	10	1	3	272	1078	41	22	91.028862	Afa
5	1	7	10	1	4	320	1074	174	26	15.747566	wunnaumonieu
5	1	7	10	1	5	503	1071	178	30	69.866966	Jofephatoh,kah
4	1	7	10	2	0	166	1099	516	51	-1	
5	1	7	10	2	1	166	1106	101	29	90.677994	Jofaphat
5	1	7	10	2	2	282	1102	176	26	83.856934	wunnaumonieu
5	1	7	10	2	3	468	1102	84	48	34.049881	pane
5	1	7	10	2	4	570	1114	8	13	29.564857	,
5	1	7	10	2	5	584	1099	45	23	51.764435	kah
5	1	7	10	2	6	644	1099	38	27	84.996696	Jo-
4	1	7	10	3	0	163	1130	331	27	-1	
5	1	7	10	3	1	163	1137	46	19	56.319664	tam
5	1	7	10	3	2	216	1134	175	23	48.896782	wnnnaumonieu
5	1	7	10	3	3	397	1130	97	23	78.944046	Oziafoh.
3	1	7	11	0	0	155	1153	527	87	-1	
4	1	7	11	1	0	158	1153	523	58	-1	
5	1	7	11	1	1	158	1188	3	4	82.444077	‘
5	1	7	11	1	2	192	1168	16	43	55.691814	4
5	1	7	11	1	3	228	1163	46	22	93.262016	Kah
5	1	7	11	1	4	289	1162	62	22	85.974449	Ozias
5	1	7	11	1	5	370	1157	173	24	62.511078	wannaumonieu
5	1	7	11	1	6	554	1153	127	30	58.757477	Jothamoh,
4	1	7	11	2	0	155	1176	527	42	-1	
5	1	7	11	2	1	155	1189	36	29	2.179802	“ah
5	1	7	11	2	2	213	1189	92	28	18.305969	Jotham
5	1	7	11	2	3	320	1185	179	27	77.480392	wunnaumonien
5	1	7	11	2	4	513	1183	117	27	87.662888	Achazoh
5	1	7	11	2	5	620	1179	12	43	87.662888	,
5	1	7	11	2	6	640	1176	42	37	96.169426	kab
4	1	7	11	3	0	167	1211	397	29	-1	
5	1	7	11	3	1	167	1215	72	25	73.989525	Athaz
5	1	7	11	3	2	259	1207	171	41	79.819183	wunnaumonieu
5	1	7	11	3	3	443	1211	121	25	88.589951	Ezekiafoh.
3	1	7	12	0	0	172	1239	512	89	-1	
4	1	7	12	1	0	196	1239	487	30	-1	
5	1	7	12	1	1	196	1246	83	23	5.625267	fo:Kah
5	1	7	12	1	2	292	1247	13	20	85.943993	&
5	1	7	12	1	3	320	1244	84	23	92.257713	Ezekias
5	1	7	12	1	4	411	1240	178	24	82.216782	wunnaumoniew
5	1	7	12	1	5	596	1239	87	25	80.754150	Manaf-
4	1	7	12	2	0	172	1268	512	31	-1	
5	1	7	12	2	1	172	1272	39	27	52.790810	fes,
5	1	7	12	2	2	218	1273	41	23	86.117996	kah
5	1	7	12	2	3	274	1263	97	40	18.578072	Mana(fes
5	1	7	12	2	4	384	1269	164	24	89.670097	wunnaumonieu
5	1	7	12	2	5	555	1268	129	27	72.484329	Ammonoh,
4	1	7	12	3	0	172	1296	427	32	-1	
5	1	7	12	3	1	172	1300	40	22	91.575302	kah
5	1	7	12	3	2	240	1308	70	15	92.505142	Ammon
5	1	7	12	3	3	317	1298	175	28	72.250359	wunnaumonieu
5	1	7	12	3	4	498	1296	101	28	76.039070	Jofiafob.
3	1	7	13	0	0	171	1321	515	64	-1	
4	1	7	13	1	0	201	1321	484	37	-1	
5	1	7	13	1	1	201	1335	23	14	85.530220	11
5	1	7	13	1	2	235	1328	43	22	91.882675	Kah
5	1	7	13	1	3	285	1329	63	29	41.753525	Jofias
5	1	7	13	1	4	355	1326	175	27	22.658508	wannaumonieu
5	1	7	13	1	5	539	1321	146	32	44.941288	Jethoniafoh,
4	1	7	13	2	0	171	1350	515	35	-1	
5	1	7	13	2	1	171	1355	39	22	72.303093	kh
5	1	7	13	2	2	218	1355	114	30	92.839371	wematoh,
5	1	7	13	2	3	344	1360	26	18	93.201942	ut
5	1	7	13	2	4	379	1360	100	23	91.516937	papaume
5	1	7	13	2	5	492	1358	26	16	88.914978	na
5	1	7	13	2	6	531	1351	102	23	88.836243	uttooche
5	1	7	13	2	7	642	1350	44	23	62.585625	ma-
3	1	7	14	0	0	164	1381	522	53	-1	
4	1	7	14	1	0	164	1381	319	29	-1	
5	1	7	14	1	1	164	1381	177	25	68.017937	‘finnedhteamuk
5	1	7	14	1	2	347	1389	24	16	93.311501	ut
5	1	7	14	1	3	381	1382	102	28	96.598045	Babylon.
4	1	7	14	2	0	201	1407	485	27	-1	
5	1	7	14	2	1	201	1417	27	15	84.516891	12
5	1	7	14	2	2	248	1412	45	22	93.150848	Kah
5	1	7	14	2	3	314	1411	90	23	83.816910	mahche
5	1	7	14	2	4	421	1407	226	25	82.364502	miflinneoktedbettic
5	1	7	14	2	5	661	1409	25	18	96.281631	ut
2	1	8	0	0	0	159	356	162	175	-1	
3	1	8	1	0	0	159	356	162	175	-1	
4	1	8	1	1	0	159	356	162	175	-1	
5	1	8	1	1	1	159	356	162	175	95.000000	  
2	1	9	0	0	0	171	1436	523	281	-1	
3	1	9	1	0	0	171	1436	153	87	-1	
4	1	9	1	1	0	171	1436	128	26	-1	
5	1	9	1	1	1	171	1436	100	25	93.274094	‘Babylon,
5	1	9	1	1	2	291	1442	8	20	89.740158	{
4	1	9	1	2	0	175	1440	149	59	-1	
5	1	9	1	2	1	175	1444	82	55	44.355751	thieloh
5	1	9	1	2	2	264	1440	60	53	37.299747	te
4	1	9	1	3	0	176	1493	126	30	-1	
5	1	9	1	3	1	176	1493	126	30	47.692024	robabéloh,
3	1	9	2	0	0	176	1511	517	89	-1	
4	1	9	2	1	0	205	1511	486	41	-1	
5	1	9	2	1	1	205	1528	26	24	87.193230	13
5	1	9	2	1	2	254	1522	43	28	87.193230	Kah
5	1	9	2	1	3	312	1520	119	24	87.261841	Zorobabel
5	1	9	2	1	4	445	1518	177	27	60.156906	wunnaumonieu
5	1	9	2	1	5	636	1511	55	38	91.295860	Abi-
4	1	9	2	2	0	176	1542	517	36	-1	
5	1	9	2	2	1	176	1549	110	29	62.771679	udoh,kab
5	1	9	2	2	2	294	1548	74	24	87.308311	Abiud
5	1	9	2	2	3	379	1547	173	26	25.416115	wunnaumonien
5	1	9	2	2	4	560	1542	133	27	53.041122	Eliakimoh,
4	1	9	2	3	0	177	1574	425	26	-1	
5	1	9	2	3	1	177	1577	39	22	90.708130	kah
5	1	9	2	3	2	228	1575	87	25	87.180954	Eliakim
5	1	9	2	3	3	330	1570	167	37	62.339447	wunnaumonieu
5	1	9	2	3	4	508	1574	94	25	80.218399	Azoroh.
3	1	9	3	0	0	177	1596	517	121	-1	
4	1	9	3	1	0	197	1596	496	36	-1	
5	1	9	3	1	1	197	1606	95	26	39.853558	44-Kah
5	1	9	3	1	2	310	1606	57	21	91.416077	Azor
5	1	9	3	1	3	384	1602	178	22	51.678181	wunnaumonieu
5	1	9	3	1	4	581	1596	112	30	84.591301	Sadokoh,
4	1	9	3	2	0	177	1624	517	37	-1	
5	1	9	3	2	1	177	1632	48	29	59.418922	kab
5	1	9	3	2	2	233	1634	72	24	88.696281	Sadok
5	1	9	3	2	3	321	1629	177	25	54.930859	wunnaumonicu
5	1	9	3	2	4	512	1628	110	24	59.924561	Achimoh
5	1	9	3	2	5	631	1640	8	13	80.676743	,
5	1	9	3	2	6	653	1624	41	23	87.070465	kah
4	1	9	3	3	0	178	1655	381	37	-1	
5	1	9	3	3	1	178	1660	80	32	93.264626	Achim
5	1	9	3	3	2	267	1659	175	29	53.940247	wunnaumonieu
5	1	9	3	3	3	451	1655	108	29	40.819584	Eliadch.
4	1	9	3	4	0	204	1684	351	33	-1	
5	1	9	3	4	1	204	1693	27	24	65.031288	ts
5	1	9	3	4	2	246	1688	46	24	93.171059	Kah
5	1	9	3	4	3	307	1687	64	29	92.629341	Eliud
5	1	9	3	4	4	384	1680	171	41	25.803894	wonnaumonien
2	1	10	0	0	0	326	1434	363	57	-1	
3	1	10	1	0	0	326	1434	363	57	-1	
4	1	10	1	1	0	326	1434	362	28	-1	
5	1	10	1	1	1	326	1439	100	23	47.452621	echenias
5	1	10	1	1	2	440	1436	177	22	47.760429	wunnaumonien
5	1	10	1	1	3	632	1434	56	22	90.332321	Sala-
4	1	10	1	2	0	341	1463	348	28	-1	
5	1	10	1	2	1	341	1465	101	24	90.133537	Salathiel
5	1	10	1	2	2	459	1463	176	28	56.129044	wunnaumonicu
5	1	10	1	2	3	649	1463	40	21	92.129120	Zo-
2	1	11	0	0	0	562	1677	132	30	-1	
3	1	11	1	0	0	562	1677	132	30	-1	
4	1	11	1	1	0	562	1677	132	30	-1	
5	1	11	1	1	1	562	1677	132	30	28.743675	‘Eleazaroh;
2	1	12	0	0	0	335	381	350	27	-1	
3	1	12	1	0	0	335	381	350	27	-1	
4	1	12	1	1	0	335	381	350	27	-1	
5	1	12	1	1	1	335	381	83	27	87.086594	Chrift,
5	1	12	1	1	2	439	383	166	19	28.156822	wuananmonuh
5	1	12	1	1	3	627	382	43	19	77.597649	Da-
5	1	12	1	1	4	683	399	2	4	63.337791	,
2	1	13	0	0	0	683	318	548	1193	-1	
3	1	13	1	0	0	692	318	521	28	-1	
4	1	13	1	1	0	692	318	521	28	-1	
5	1	13	1	1	1	692	325	40	21	69.007538	kal
5	1	13	1	1	2	740	324	85	22	91.417404	Bleazar
5	1	13	1	1	3	834	322	180	24	34.033043	wuaasumoniew
5	1	13	1	1	4	1025	318	135	28	48.141438	Matthasob,
5	1	13	1	1	5	1173	318	40	24	54.988564	kak
3	1	13	2	0	0	694	349	401	27	-1	
4	1	13	2	1	0	694	349	401	27	-1	
5	1	13	2	1	1	694	353	100	22	71.528618	Matthan
5	1	13	2	1	2	803	351	175	22	42.633709	wannaamonieu
5	1	13	2	1	3	987	349	108	27	48.020241	Jakobohk.
3	1	13	3	0	0	683	374	535	62	-1	
4	1	13	3	1	0	683	374	532	38	-1	
5	1	13	3	1	1	683	405	2	7	36.961861	,
5	1	13	3	1	2	722	378	26	31	55.396038	16
5	1	13	3	1	3	761	380	44	21	64.712006	Kah
5	1	13	3	1	4	820	378	70	27	93.179764	Jakob
5	1	13	3	1	5	904	377	176	23	52.416534	wuanaamonicu
5	1	13	3	1	6	1096	374	119	29	25.413445	Jofephoh,
4	1	13	3	2	0	696	402	522	34	-1	
5	1	13	3	2	1	696	406	101	22	65.353500	weilukeh
5	1	13	3	2	2	806	407	61	29	93.300041	Mary
5	1	13	3	2	3	876	405	41	23	75.497017	noh
5	1	13	3	2	4	927	413	36	15	93.151123	mo
5	1	13	3	2	5	971	404	110	29	91.490196	wachegit
5	1	13	3	2	6	1089	403	61	27	89.647697	Jeius
5	1	13	3	2	7	1159	402	59	22	68.055161	utti«
3	1	13	4	0	0	696	432	251	32	-1	
4	1	13	4	1	0	696	432	251	32	-1	
5	1	13	4	1	1	696	434	69	30	87.285378	yeuoh
5	1	13	4	1	2	774	434	87	22	69.555763	ahennit
5	1	13	4	1	3	870	432	77	25	44.535042	Cbrit.
3	1	13	5	0	0	686	455	534	118	-1	
4	1	13	5	1	0	725	455	494	33	-1	
5	1	13	5	1	1	725	468	25	20	90.686119	17
5	1	13	5	1	2	765	462	122	21	90.686119	Nemehkuh
5	1	13	5	1	3	896	467	61	15	93.074142	wame
5	1	13	5	1	4	967	457	165	31	90.782700	pometeongath
5	1	13	5	1	5	1141	455	78	24	75.566978	wutclz
4	1	13	5	2	0	686	483	534	39	-1	
5	1	13	5	2	1	686	502	2	20	40.024315	|
5	1	13	5	2	2	696	489	132	22	0.000000	Abéabamnut
5	1	13	5	2	3	837	490	42	21	92.848412	onk
5	1	13	5	2	4	885	495	53	23	84.843178	yeau
5	1	13	5	2	5	944	488	166	26	18.273384	Davidut,nase
5	1	13	5	2	6	1116	483	104	30	90.100830	yauwudt
4	1	13	5	3	0	686	512	533	34	-1	
5	1	13	5	3	1	686	523	2	19	16.702843	|
5	1	13	5	3	2	697	518	177	28	30.048180	pometeongaik
5	1	13	5	3	3	867	508	11	42	30.048180	;
5	1	13	5	3	4	895	516	44	22	42.582264	neit
5	1	13	5	3	5	962	515	76	23	59.116940	wuich
5	1	13	5	3	6	1059	512	100	23	25.786919	Davidut
5	1	13	5	3	7	1174	512	45	21	91.113480	onk
4	1	13	5	4	0	698	539	521	34	-1	
5	1	13	5	4	1	698	551	50	22	47.844254	yean
5	1	13	5	4	2	771	543	214	23	46.959229	ummitinghkonauh
5	1	13	5	4	3	1000	548	26	17	92.610092	ut
5	1	13	5	4	4	1044	541	103	28	85.961647	Babylun,
5	1	13	5	4	5	1163	539	56	22	87.615997	nabo
3	1	13	6	0	0	697	567	527	222	-1	
4	1	13	6	1	0	712	567	506	33	-1	
5	1	13	6	1	1	712	572	88	22	61.386089	auwude
5	1	13	6	1	2	808	572	159	28	32.347000	pometeongaih
5	1	13	6	1	3	978	579	6	14	47.406750	:
5	1	13	6	1	4	997	570	47	22	91.579750	neit
5	1	13	6	1	5	1050	568	75	22	82.135315	watch
5	1	13	6	1	6	1131	567	87	22	77.821602	ummil-
4	1	13	6	2	0	697	597	522	30	-1	
5	1	13	6	2	1	697	599	141	24	0.000000	fimohkonach
5	1	13	6	2	2	847	605	26	16	92.884254	ut
5	1	13	6	2	3	882	599	96	28	91.423843	Babylon
5	1	13	6	2	4	987	601	26	18	86.547462	né
5	1	13	6	2	5	1026	597	60	28	58.436985	pajeh
5	1	13	6	2	6	1094	598	125	26	91.187546	uppeyonat
4	1	13	6	3	0	699	621	512	37	-1	
5	1	13	6	3	1	699	627	59	31	76.224388	Jefus
5	1	13	6	3	2	767	627	134	27	3.028137	Chrift,nabo
5	1	13	6	3	3	907	625	103	29	85.587204	yauwudt
5	1	13	6	3	4	1020	622	174	30	46.670650	pemeteongath.
5	1	13	6	3	5	1207	621	4	2	16.514427	i
4	1	13	6	4	0	728	651	488	32	-1	
5	1	13	6	4	1	728	656	25	22	93.364952	18
5	1	13	6	4	2	768	654	45	23	93.293793	Kah
5	1	13	6	4	3	821	654	60	29	72.645691	Jeius
5	1	13	6	4	4	896	654	69	22	66.193260	Cbrift
5	1	13	6	4	5	978	662	19	13	89.119705	m
5	1	13	6	4	6	1010	651	157	23	83.084076	wunneetuonk
5	1	13	6	4	7	1186	655	30	16	96.379517	yeu
4	1	13	6	5	0	700	676	523	36	-1	
5	1	13	6	5	1	700	690	49	19	93.205162	mo,
5	1	13	6	5	2	768	690	78	22	90.398247	nagum
5	1	13	6	5	3	862	681	80	23	90.398247	okafoh
5	1	13	6	5	4	955	680	104	28	90.637360	Maryhoh
5	1	13	6	5	5	1077	679	38	23	90.204185	kab
5	1	13	6	5	6	1137	676	86	29	56.287991	Jofeph.
4	1	13	6	6	0	699	699	525	41	-1	
5	1	13	6	6	1	699	709	165	31	61.548576	quothodhetcic
5	1	13	6	6	2	887	707	103	30	75.453705	(afquam
5	1	13	6	6	3	1005	699	219	40	32.671783	naneefinbettékup)
4	1	13	6	7	0	700	734	520	29	-1	
5	1	13	6	7	1	700	739	107	22	3.334579	mitkauau
5	1	13	6	7	2	816	736	218	24	65.229004	watchéketeaudnat
5	1	13	6	7	3	1043	735	76	28	87.507515	nafhpe
5	1	13	6	7	4	1126	734	94	21	60.486561	Nalliau-
4	1	13	6	8	0	700	767	102	22	-1	
5	1	13	6	8	1	700	767	102	22	83.616737	anittcoh.
3	1	13	7	0	0	701	789	525	116	-1	
4	1	13	7	1	0	729	789	494	33	-1	
5	1	13	7	1	1	729	800	27	22	93.060776	19
5	1	13	7	1	2	772	793	52	23	90.971123	Neit
5	1	13	7	1	3	837	791	102	24	76.175133	weTukeh
5	1	13	7	1	4	955	789	108	30	80.081749	Jofephuh
5	1	13	7	1	5	1080	795	143	21	0.000000	wunnomwa-
4	1	13	7	2	0	702	818	520	32	-1	
5	1	13	7	2	1	702	822	105	28	51.984322	énugoch,
5	1	13	7	2	2	817	825	68	17	93.232674	matta
5	1	13	7	2	3	894	828	34	14	93.231003	mo
5	1	13	7	2	4	942	823	209	22	18.357735	wuttenantamooun
5	1	13	7	2	5	1164	818	58	20	89.623444	wut-
4	1	13	7	3	0	701	845	521	34	-1	
5	1	13	7	3	1	701	849	114	30	49.343563	4yimauch
5	1	13	7	3	2	823	847	180	26	47.750546	muffilewautut,
5	1	13	7	3	3	1021	849	115	19	63.126419	unnantan
5	1	13	7	3	4	1144	845	78	21	77.382408	kemew
4	1	13	7	4	0	702	872	524	33	-1	
5	1	13	7	4	1	702	878	125	27	91.782829	nuppogken
5	1	13	7	4	2	839	877	77	28	79.973557	yeuoh.
5	1	13	7	4	3	1223	872	3	2	26.925438	i
3	1	13	8	0	0	703	897	520	60	-1	
4	1	13	8	1	0	732	897	490	53	-1	
5	1	13	8	1	1	732	911	27	14	91.067047	20
5	1	13	8	1	2	777	905	199	23	32.736183	Webenctwontog
5	1	13	8	1	3	984	900	93	50	26.061066	se
5	1	13	8	1	4	1086	897	71	24	78.498917	kuffeh
5	1	13	8	1	5	1165	902	57	22	88.387451	wut-
4	1	13	8	2	0	703	925	520	32	-1	
5	1	13	8	2	1	703	931	133	26	9.457642	angelfundh
5	1	13	8	2	2	849	931	54	26	93.251495	Lord
5	1	13	8	2	3	911	925	230	29	53.368069	wunnaéihtunkquoh
5	1	13	8	2	4	1148	930	25	16	89.226570	ut
5	1	13	8	2	5	1178	926	45	27	9.380333	an-
3	1	13	9	0	0	696	954	531	143	-1	
4	1	13	9	1	0	696	954	526	33	-1	
5	1	13	9	1	1	696	958	228	29	0.000000	‘nukquomuonganit,
5	1	13	9	1	2	938	950	80	41	76.397850	noowan,
5	1	13	9	1	3	1037	955	69	29	78.354912	Jofeph
5	1	13	9	1	4	1113	954	44	23	76.532692	ken
5	1	13	9	1	5	1163	959	59	15	71.548676	wun-
4	1	13	9	2	0	703	982	524	34	-1	
5	1	13	9	2	1	703	987	121	29	64.389450	naumongh
5	1	13	9	2	2	835	985	86	27	88.779648	Dayid,
5	1	13	9	2	3	931	985	68	27	31.463455	aique
5	1	13	9	2	4	1014	978	93	42	51.078167	wabelifh
5	1	13	9	2	5	1122	978	105	42	38.797272	nemunon,
4	1	13	9	3	0	698	1007	526	36	-1	
5	1	13	9	3	1	694	1003	72	44	48.610634	“Mary
5	1	13	9	3	2	778	1011	302	28	29.781815	kumniitcamwos,mewatche
5	1	13	9	3	3	1087	1007	137	29	14.511017	uttiyeuwok
4	1	13	9	4	0	705	1040	520	31	-1	
5	1	13	9	4	1	705	1042	119	29	91.951851	wachegit,
5	1	13	9	4	2	844	1048	26	16	88.262108	ne
5	1	13	9	4	3	886	1041	75	28	87.145905	nafhpe
5	1	13	9	4	4	975	1040	250	25	26.292572	wunneetupanatamwe
4	1	13	9	5	0	700	1065	443	37	-1	
5	1	13	9	5	1	700	1065	202	37	35.507690	Nafhananittoour.
5	1	13	9	5	2	997	1066	3	2	56.274445	i
5	1	13	9	5	3	1140	1077	3	2	0.000000	@
3	1	13	10	0	0	704	1090	522	113	-1	
4	1	13	10	1	0	733	1090	493	31	-1	
5	1	13	10	1	1	733	1104	25	14	84.988373	ar
5	1	13	10	1	2	766	1096	50	23	84.988373	Kah
5	1	13	10	1	3	825	1096	47	25	91.187164	woh
5	1	13	10	1	4	882	1095	93	26	8.030281	neechau
5	1	13	10	1	5	989	1086	117	40	1.965950	wufiaumon
5	1	13	10	1	6	1118	1090	46	23	89.653778	wob
5	1	13	10	1	7	1174	1090	52	22	83.698875	kut-
4	1	13	10	2	0	704	1118	519	34	-1	
5	1	13	10	2	1	704	1124	94	27	75.464874	tiffowen
5	1	13	10	2	2	806	1132	13	13	28.953903	a
5	1	13	10	2	3	827	1124	69	28	82.191025	Jefus,
5	1	13	10	2	4	903	1121	116	29	85.785896	newutche
5	1	13	10	2	5	1028	1118	48	24	88.450432	woh
5	1	13	10	2	6	1092	1118	131	29	33.496361	wadchanau
4	1	13	10	3	0	706	1146	518	35	-1	
5	1	13	10	3	1	706	1151	218	30	20.424568	ummifiimimmumob
5	1	13	10	3	2	930	1148	75	23	88.671738	wutch
5	1	13	10	3	3	1013	1146	211	30	0.000000	umertcheleonga-
4	1	13	10	4	0	706	1176	508	37	-1	
5	1	13	10	4	1	706	1176	86	37	12.227493	noodnt.
5	1	13	10	4	2	948	1176	3	4	0.000000	.
5	1	13	10	4	3	1065	1177	3	5	8.090042	:
5	1	13	10	4	4	1211	1176	3	1	60.947983	;
3	1	13	11	0	0	699	1199	531	92	-1	
4	1	13	11	1	0	733	1199	495	36	-1	
5	1	13	11	1	1	733	1214	28	15	91.110809	22
5	1	13	11	1	2	775	1208	77	21	16.437340	‘Wame
5	1	13	11	1	3	866	1206	62	29	18.825165	yeutth
5	1	13	11	1	4	944	1203	152	29	75.464912	nnibyeupath
5	1	13	11	1	5	1109	1208	28	17	69.741623	re
5	1	13	11	1	6	1153	1199	75	24	57.938911	woh
5	1	13	11	1	7	1209	1195	23	44	25.051620	no
4	1	13	11	2	0	699	1224	531	39	-1	
5	1	13	11	2	1	699	1234	43	29	36.224705	inih
5	1	13	11	2	2	750	1234	38	22	93.277084	toh
5	1	13	11	2	3	795	1241	101	22	77.368889	anoowop
5	1	13	11	2	4	901	1232	58	22	92.650116	Lord
5	1	13	11	2	5	966	1232	86	28	37.016167	nafipeu.
5	1	13	11	2	6	1054	1224	176	35	43.586269	manittcowom-
4	1	13	11	3	0	707	1259	349	32	-1	
5	1	13	11	3	1	707	1262	145	29	30.918663	puhnowau.
5	1	13	11	3	2	910	1266	2	2	41.748901	=~
5	1	13	11	3	3	986	1259	6	3	49.845123	.
5	1	13	11	3	4	1053	1260	3	3	29.077126	;
3	1	13	12	0	0	703	1286	526	112	-1	
4	1	13	12	1	0	715	1286	503	47	-1	
5	1	13	12	1	1	715	1309	2	2	34.368530	_
5	1	13	12	1	2	732	1296	33	22	34.368530	23
5	1	13	12	1	3	779	1287	94	24	22.447113	oKutleh
5	1	13	12	1	4	885	1292	106	23	56.780243	peenomp
5	1	13	12	1	5	1006	1286	45	28	82.710052	pith
5	1	13	12	1	6	1068	1290	150	43	30.031517	oer
4	1	13	12	2	0	708	1310	519	38	-1	
5	1	13	12	2	1	708	1317	40	22	91.085655	kah
5	1	13	12	2	2	763	1317	46	29	91.363670	pith
5	1	13	12	2	3	823	1316	93	32	91.469063	neechau
5	1	13	12	2	4	931	1314	177	26	88.267845	wannaumonuh,
5	1	13	12	2	5	1152	1311	11	22	91.769165	h
5	1	13	12	2	6	1174	1310	53	28	25.657562	pith
4	1	13	12	3	0	703	1341	526	29	-1	
5	1	13	12	3	1	703	1337	188	37	0.000000	-wurtiftowenouh
5	1	13	12	3	2	905	1341	144	29	27.159821	Emanuelyea
5	1	13	12	3	3	1058	1341	171	29	70.441185	nanwuttamun,
4	1	13	12	4	0	708	1370	349	28	-1	
5	1	13	12	4	1	708	1372	53	24	93.250664	God
5	1	13	12	4	2	768	1370	200	28	21.174240	kawetomukgen.
5	1	13	12	4	3	1049	1386	8	9	0.000000	.
3	1	13	13	0	0	712	1394	518	87	-1	
4	1	13	13	1	0	734	1394	495	33	-1	
5	1	13	13	1	1	734	1404	31	22	61.376804	24
5	1	13	13	1	2	772	1400	57	22	45.227180	Neit
5	1	13	13	1	3	835	1398	76	29	72.549973	Jofeph
5	1	13	13	1	4	920	1395	101	23	88.701996	omohket
5	1	13	13	1	5	1028	1394	75	26	92.786545	wutch
5	1	13	13	1	6	1118	1394	111	25	73.633781	kouénat,
4	1	13	13	2	0	713	1418	517	33	-1	
5	1	13	13	2	1	713	1427	101	23	16.480423	wutuflen
5	1	13	13	2	2	834	1426	64	22	80.804367	uttoh
5	1	13	13	2	3	918	1423	107	28	25.860474	“aaukqut
5	1	13	13	2	4	1050	1418	180	31	71.477615	wutangelfumoh
4	1	13	13	3	0	712	1449	457	32	-1	
5	1	13	13	3	1	712	1456	65	25	95.503082	Lord,
5	1	13	13	3	2	791	1454	38	22	65.599213	kal
5	1	13	13	3	3	836	1459	117	18	48.589100	neemunau
5	1	13	13	3	4	961	1449	208	23	61.039211	ummittamwuffoh.
3	1	13	14	0	0	721	1477	510	34	-1	
4	1	13	14	1	0	721	1477	510	34	-1	
5	1	13	14	1	1	721	1508	1	3	79.582191	_
5	1	13	14	1	2	741	1488	25	21	93.276047	25
5	1	13	14	1	3	779	1482	48	22	85.835289	Kah
5	1	13	14	1	4	834	1486	68	18	87.152473	matta
5	1	13	14	1	5	909	1477	110	26	88.539719	oowaheuh
5	1	13	14	1	6	1026	1480	27	19	73.618271	nd
5	1	13	14	1	7	1062	1477	62	28	67.132927	pajeb
5	1	13	14	1	8	1134	1481	97	17	76.678993	wunnee-
2	1	14	0	0	0	713	1502	515	61	-1	
3	1	14	1	0	0	713	1502	515	61	-1	
4	1	14	1	1	0	713	1502	515	34	-1	
5	1	14	1	1	1	713	1509	78	24	48.296791	cehanat
5	1	14	1	1	2	799	1505	240	31	86.762314	mohtommeginitcheh
5	1	14	1	1	3	1049	1502	179	32	9.138397	wonnaumenuh,
4	1	14	1	2	0	714	1533	295	30	-1	
5	1	14	1	2	1	714	1538	39	22	92.979889	kah
5	1	14	1	2	2	760	1537	171	22	33.686981	wuttifowenuh
5	1	14	1	2	3	940	1533	69	30	58.244843	Jelus.
2	1	15	0	0	0	715	1560	513	90	-1	
3	1	15	1	0	0	715	1560	513	90	-1	
4	1	15	1	1	0	870	1560	186	25	-1	
5	1	15	1	1	1	870	1563	124	22	77.279709	CHAP.
5	1	15	1	1	2	1022	1560	34	21	92.980659	IL
4	1	15	1	2	0	715	1582	513	68	-1	
5	1	15	1	2	1	715	1592	27	58	63.047081	I
5	1	15	1	2	2	969	1586	97	24	74.461884	Bethlem
5	1	15	1	2	3	1075	1588	25	18	95.581535	ut
5	1	15	1	2	4	1108	1583	70	29	79.936203	Judea
5	1	15	1	2	5	1188	1582	40	28	91.771416	uk-
2	1	16	0	0	0	715	1590	512	114	-1	
3	1	16	1	0	0	715	1590	512	114	-1	
4	1	16	1	1	0	746	1590	218	24	-1	
5	1	16	1	1	1	746	1593	62	21	89.924934	ESUS
5	1	16	1	1	2	826	1598	10	14	18.431839	«4
5	1	16	1	1	3	847	1591	79	22	26.983101	neckit
5	1	16	1	1	4	932	1590	32	21	62.828651	ut
4	1	16	1	2	0	758	1610	469	37	-1	
5	1	16	1	2	1	758	1617	185	30	49.831230	kelukkodtumut
5	1	16	1	2	2	952	1614	69	26	93.281006	Herod
5	1	16	1	2	3	1031	1613	80	27	49.552040	Sontim
5	1	16	1	2	4	1123	1625	7	11	36.220249	,
5	1	16	1	2	5	1153	1610	74	23	28.253700	kuffeh
4	1	16	1	3	0	715	1646	205	29	-1	
5	1	16	1	3	1	715	1651	94	18	66.382820	weantam
5	1	16	1	3	2	821	1646	99	29	2.036453	waeniog
4	1	16	1	4	0	716	1673	236	31	-1	
5	1	16	1	4	1	716	1682	40	22	93.250076	yeu
5	1	16	1	4	2	765	1673	187	31	58.954460	Jerufalemwaui.
2	1	17	0	0	0	683	425	9	336	-1	
3	1	17	1	0	0	683	425	9	336	-1	
4	1	17	1	1	0	683	425	9	336	-1	
5	1	17	1	1	1	683	425	9	336	95.000000	 
2	1	18	0	0	0	699	1573	4	29	-1	
3	1	18	1	0	0	699	1573	4	29	-1	
4	1	18	1	1	0	699	1573	4	29	-1	
5	1	18	1	1	1	699	1573	4	29	54.419060	{
2	1	19	0	0	0	703	1639	5	61	-1	
3	1	19	1	0	0	703	1639	5	61	-1	
4	1	19	1	1	0	703	1639	5	61	-1	
5	1	19	1	1	1	703	1639	5	61	92.368896	|
2	1	20	0	0	0	926	1637	305	36	-1	
3	1	20	1	0	0	926	1637	305	36	-1	
4	1	20	1	1	0	926	1637	305	36	-1	
5	1	20	1	1	1	926	1642	135	31	59.169483	wamohettit
5	1	20	1	1	2	1068	1637	163	30	27.604248	wutthepwoei-
